,seccion,bastion_MORENA_01,Prioridad
0,532,0.0,Alta
1,341,0.0,Alta
2,807,0.0,Alta
3,808,1.0,Alta
4,951,1.0,Alta
5,638,0.0,Alta
6,217,0.0,Alta
7,956,0.0,Alta
8,223,0.0,Alta
9,1332,0.0,Alta
10,571,0.0,Alta
11,564,0.0,Alta
12,590,0.0,Alta
13,374,0.0,Alta
14,340,0.0,Alta
15,75,0.0,Alta
16,214,0.0,Alta
17,729,0.0,Alta
18,730,0.0,Alta
19,661,0.0,Alta
20,601,0.0,Alta
21,24,0.0,Alta
22,887,1.0,Alta
23,1261,0.0,Alta
24,857,1.0,Alta
25,221,0.0,Alta
26,344,0.0,Alta
27,22,0.0,Alta
28,336,0.0,Alta
29,295,1.0,Alta
30,1303,1.0,Alta
31,558,0.0,Alta
32,949,1.0,Alta
33,1022,0.0,Alta
34,569,0.0,Alta
35,26,0.0,Alta
36,901,1.0,Alta
37,342,0.0,Alta
38,359,0.0,Alta
39,338,0.0,Alta
40,343,0.0,Alta
41,533,0.0,Alta
42,1260,1.0,Alta
43,449,0.0,Alta
44,20,0.0,Alta
45,474,0.0,Alta
46,524,0.0,Alta
47,844,0.0,Alta
48,746,0.0,Alta
49,297,1.0,Alta
50,17,0.0,Alta
51,1251,1.0,Alta
52,911,1.0,Alta
53,1267,1.0,Alta
54,780,1.0,Alta
55,912,1.0,Alta
56,171,0.0,Alta
57,592,0.0,Alta
58,724,0.0,Alta
59,31,0.0,Alta
60,916,1.0,Alta
61,910,1.0,Alta
62,794,0.0,Alta
63,216,0.0,Alta
64,222,0.0,Alta
65,786,1.0,Alta
66,670,0.0,Alta
67,1289,0.0,Alta
68,1410,1.0,Alta
69,632,0.0,Alta
70,737,0.0,Alta
71,634,0.0,Alta
72,1264,1.0,Alta
73,316,1.0,Alta
74,1048,0.0,Alta
75,23,0.0,Alta
76,598,0.0,Alta
77,345,0.0,Alta
78,296,1.0,Alta
79,1109,0.0,Alta
80,448,0.0,Alta
81,83,0.0,Alta
82,1069,0.0,Alta
83,415,1.0,Alta
84,1195,0.0,Alta
85,1156,0.0,Alta
86,337,0.0,Alta
87,710,0.0,Alta
88,605,0.0,Alta
89,723,0.0,Alta
90,319,0.0,Alta
91,589,0.0,Alta
92,1047,0.0,Alta
93,339,0.0,Alta
94,858,1.0,Alta
95,402,0.0,Alta
96,205,0.0,Alta
97,822,0.0,Alta
98,1045,0.0,Alta
99,1218,1.0,Alta
100,631,0.0,Alta
101,1190,0.0,Alta
102,777,0.0,Alta
103,14,0.0,Alta
104,1291,0.0,Alta
105,1102,0.0,Alta
106,537,0.0,Alta
107,35,0.0,Alta
108,1079,0.0,Alta
109,510,0.0,Alta
110,1216,0.0,Alta
111,1263,1.0,Alta
112,156,0.0,Alta
113,19,0.0,Alta
114,375,0.0,Alta
115,1307,0.0,Alta
116,1203,0.0,Alta
117,1265,0.0,Alta
118,869,0.0,Alta
119,451,0.0,Alta
120,1311,0.0,Alta
121,314,0.0,Alta
122,304,1.0,Alta
123,1098,1.0,Alta
124,255,0.0,Alta
125,73,0.0,Alta
126,1217,0.0,Alta
127,966,1.0,Alta
128,1234,0.0,Alta
129,8,0.0,Alta
130,10,0.0,Alta
131,145,0.0,Alta
132,9,0.0,Alta
133,742,0.0,Alta
134,1259,1.0,Alta
135,765,0.0,Alta
136,1252,1.0,Alta
137,1107,0.0,Alta
138,768,1.0,Alta
139,636,0.0,Alta
140,1409,0.0,Alta
141,138,0.0,Alta
142,376,0.0,Alta
143,1015,0.0,Alta
144,625,0.0,Alta
145,915,1.0,Alta
146,945,0.0,Alta
147,187,0.0,Alta
148,1317,0.0,Alta
149,298,0.0,Alta
150,1184,0.0,Alta
151,439,0.0,Alta
152,206,0.0,Alta
153,428,0.0,Alta
154,131,0.0,Alta
155,126,0.0,Alta
156,1269,0.0,Alta
157,1059,0.0,Alta
158,907,1.0,Alta
159,701,0.0,Alta
160,1043,0.0,Alta
161,1044,0.0,Alta
162,1442,0.0,Alta
163,130,0.0,Alta
164,761,0.0,Alta
165,842,0.0,Alta
166,1297,0.0,Alta
167,387,0.0,Alta
168,306,0.0,Alta
169,215,0.0,Alta
170,293,1.0,Alta
171,565,0.0,Alta
172,1243,0.0,Alta
173,719,0.0,Alta
174,1230,0.0,Alta
175,991,1.0,Alta
176,393,0.0,Alta
177,220,0.0,Alta
178,1105,0.0,Alta
179,347,0.0,Alta
180,351,0.0,Alta
181,1082,0.0,Alta
182,1343,0.0,Alta
183,103,0.0,Alta
184,1076,0.0,Alta
185,919,1.0,Alta
186,1211,0.0,Alta
187,1199,0.0,Alta
188,74,0.0,Alta
189,1174,0.0,Alta
190,265,0.0,Alta
191,830,0.0,Alta
192,1147,0.0,Alta
193,350,0.0,Alta
194,308,0.0,Alta
195,681,0.0,Alta
196,1300,0.0,Alta
197,514,0.0,Alta
198,1000,0.0,Alta
199,741,0.0,Alta
200,1041,0.0,Alta
201,431,0.0,Alta
202,367,0.0,Alta
203,392,0.0,Alta
204,1310,0.0,Alta
205,1268,1.0,Alta
206,584,1.0,Alta
207,908,1.0,Alta
208,1181,0.0,Alta
209,1138,0.0,Alta
210,429,0.0,Alta
211,909,1.0,Alta
212,413,0.0,Alta
213,360,0.0,Alta
214,1228,0.0,Alta
215,1212,0.0,Alta
216,509,0.0,Alta
217,888,0.0,Alta
218,113,0.0,Alta
219,105,0.0,Alta
220,1292,0.0,Alta
221,721,0.0,Alta
222,1017,0.0,Alta
223,294,1.0,Alta
224,1198,0.0,Alta
225,47,0.0,Alta
226,501,0.0,Alta
227,384,0.0,Alta
228,1150,0.0,Alta
229,920,1.0,Alta
230,1284,0.0,Alta
231,207,0.0,Alta
232,760,0.0,Alta
233,401,0.0,Alta
234,289,0.0,Alta
235,1333,0.0,Alta
236,544,0.0,Alta
237,386,0.0,Alta
238,430,0.0,Alta
239,1209,0.0,Alta
240,604,0.0,Alta
241,1400,0.0,Alta
242,999,0.0,Alta
243,273,0.0,Alta
244,603,0.0,Alta
245,884,0.0,Alta
246,1097,0.0,Alta
247,1183,0.0,Alta
248,104,0.0,Alta
249,226,0.0,Alta
250,320,1.0,Alta
251,974,1.0,Alta
252,1326,0.0,Alta
253,1550,0.0,Alta
254,732,0.0,Alta
255,394,0.0,Alta
256,192,0.0,Alta
257,1257,0.0,Alta
258,1308,0.0,Alta
259,292,1.0,Alta
260,936,0.0,Alta
261,100,0.0,Alta
262,711,0.0,Alta
263,568,0.0,Alta
264,25,0.0,Alta
265,1286,0.0,Alta
266,554,1.0,Alta
267,1155,0.0,Alta
268,1141,0.0,Alta
269,1013,0.0,Alta
270,1140,0.0,Alta
271,1346,0.0,Alta
272,390,0.0,Alta
273,1244,0.0,Alta
274,883,0.0,Alta
275,1220,0.0,Alta
276,400,0.0,Alta
277,329,0.0,Alta
278,575,0.0,Alta
279,766,0.0,Alta
280,619,0.0,Alta
281,740,0.0,Alta
282,771,0.0,Alta
283,1215,0.0,Alta
284,1248,0.0,Alta
285,427,0.0,Alta
286,1438,0.0,Alta
287,728,0.0,Alta
288,1201,0.0,Alta
289,498,0.0,Alta
290,1229,0.0,Alta
291,536,0.0,Alta
292,180,0.0,Alta
293,696,1.0,Alta
294,1398,0.0,Alta
295,146,0.0,Alta
296,1189,0.0,Alta
297,1236,0.0,Alta
298,385,0.0,Alta
299,1324,0.0,Alta
300,1093,1.0,Alta
301,499,0.0,Media alta
302,1177,0.0,Media alta
303,1042,0.0,Media alta
304,1323,0.0,Media alta
305,82,0.0,Media alta
306,1278,0.0,Media alta
307,1253,1.0,Media alta
308,403,0.0,Media alta
309,21,0.0,Media alta
310,311,0.0,Media alta
311,977,1.0,Media alta
312,659,0.0,Media alta
313,1188,0.0,Media alta
314,581,1.0,Media alta
315,1439,0.0,Media alta
316,317,0.0,Media alta
317,1256,1.0,Media alta
318,1254,0.0,Media alta
319,1277,0.0,Media alta
320,643,0.0,Media alta
321,132,0.0,Media alta
322,414,0.0,Media alta
323,795,0.0,Media alta
324,1083,0.0,Media alta
325,1221,1.0,Media alta
326,767,0.0,Media alta
327,538,0.0,Media alta
328,357,0.0,Media alta
329,365,0.0,Media alta
330,1095,1.0,Media alta
331,1293,0.0,Media alta
332,1139,0.0,Media alta
333,380,0.0,Media alta
334,404,0.0,Media alta
335,310,0.0,Media alta
336,210,0.0,Media alta
337,1182,0.0,Media alta
338,1148,0.0,Media alta
339,769,1.0,Media alta
340,1456,0.0,Media alta
341,358,0.0,Media alta
342,629,1.0,Media alta
343,579,0.0,Media alta
344,646,0.0,Media alta
345,1552,0.0,Media alta
346,1521,0.0,Media alta
347,410,0.0,Media alta
348,382,0.0,Media alta
349,1239,1.0,Media alta
350,140,0.0,Media alta
351,904,0.0,Media alta
352,452,0.0,Media alta
353,425,0.0,Media alta
354,1152,0.0,Media alta
355,109,0.0,Media alta
356,1187,0.0,Media alta
357,355,0.0,Media alta
358,1159,0.0,Media alta
359,72,0.0,Media alta
360,305,1.0,Media alta
361,1519,0.0,Media alta
362,1443,1.0,Media alta
363,133,0.0,Media alta
364,1290,0.0,Media alta
365,1151,0.0,Media alta
366,378,0.0,Media alta
367,1192,0.0,Media alta
368,1225,0.0,Media alta
369,199,0.0,Media alta
370,1161,0.0,Media alta
371,964,1.0,Media alta
372,1213,0.0,Media alta
373,748,0.0,Media alta
374,123,0.0,Media alta
375,231,0.0,Media alta
376,680,0.0,Media alta
377,1091,0.0,Media alta
378,773,0.0,Media alta
379,1226,1.0,Media alta
380,164,0.0,Media alta
381,1551,1.0,Media alta
382,1004,1.0,Media alta
383,1014,1.0,Media alta
384,706,0.0,Media alta
385,1090,0.0,Media alta
386,996,1.0,Media alta
387,225,0.0,Media alta
388,1325,0.0,Media alta
389,411,0.0,Media alta
390,370,0.0,Media alta
391,570,0.0,Media alta
392,373,0.0,Media alta
393,312,0.0,Media alta
394,1142,0.0,Media alta
395,1197,0.0,Media alta
396,409,0.0,Media alta
397,1058,0.0,Media alta
398,313,0.0,Media alta
399,1258,0.0,Media alta
400,1180,0.0,Media alta
401,94,0.0,Media alta
402,1335,0.0,Media alta
403,753,0.0,Media alta
404,1262,0.0,Media alta
405,577,0.0,Media alta
406,508,0.0,Media alta
407,866,1.0,Media alta
408,369,0.0,Media alta
409,1171,1.0,Media alta
410,1523,0.0,Media alta
411,978,1.0,Media alta
412,151,0.0,Media alta
413,937,0.0,Media alta
414,971,1.0,Media alta
415,906,1.0,Media alta
416,896,1.0,Media alta
417,71,0.0,Media alta
418,1247,0.0,Media alta
419,1232,0.0,Media alta
420,397,0.0,Media alta
421,843,0.0,Media alta
422,84,0.0,Media alta
423,882,0.0,Media alta
424,468,0.0,Media alta
425,812,1.0,Media alta
426,994,1.0,Media alta
427,940,1.0,Media alta
428,194,0.0,Media alta
429,747,0.0,Media alta
430,704,0.0,Media alta
431,928,1.0,Media alta
432,1403,0.0,Media alta
433,663,0.0,Media alta
434,1270,0.0,Media alta
435,426,0.0,Media alta
436,862,1.0,Media alta
437,1555,1.0,Media alta
438,1106,1.0,Media alta
439,1075,0.0,Media alta
440,471,0.0,Media alta
441,976,1.0,Media alta
442,930,0.0,Media alta
443,463,0.0,Media alta
444,648,0.0,Media alta
445,398,0.0,Media alta
446,881,0.0,Media alta
447,185,0.0,Media alta
448,1165,0.0,Media alta
449,958,0.0,Media alta
450,749,0.0,Media alta
451,1168,1.0,Media alta
452,433,0.0,Media alta
453,705,0.0,Media alta
454,209,0.0,Media alta
455,1288,0.0,Media alta
456,762,1.0,Media alta
457,18,0.0,Media alta
458,362,0.0,Media alta
459,1556,0.0,Media alta
460,1166,1.0,Media alta
461,650,0.0,Media alta
462,645,0.0,Media alta
463,703,0.0,Media alta
464,377,0.0,Media alta
465,1515,0.0,Media alta
466,539,0.0,Media alta
467,924,0.0,Media alta
468,1246,0.0,Media alta
469,505,0.0,Media alta
470,1073,0.0,Media alta
471,1385,1.0,Media alta
472,1287,0.0,Media alta
473,1202,0.0,Media alta
474,731,0.0,Media alta
475,1089,0.0,Media alta
476,512,0.0,Media alta
477,389,0.0,Media alta
478,567,0.0,Media alta
479,718,0.0,Media alta
480,1110,0.0,Media alta
481,1149,0.0,Media alta
482,582,0.0,Media alta
483,1404,0.0,Media alta
484,1266,1.0,Media alta
485,175,0.0,Media alta
486,193,0.0,Media alta
487,1518,0.0,Media alta
488,486,0.0,Media alta
489,379,0.0,Media alta
490,1186,0.0,Media alta
491,642,0.0,Media alta
492,922,1.0,Media alta
493,975,1.0,Media alta
494,1,0.0,Media alta
495,406,0.0,Media alta
496,947,0.0,Media alta
497,1034,0.0,Media alta
498,136,0.0,Media alta
499,162,0.0,Media alta
500,750,0.0,Media alta
501,287,0.0,Media alta
502,1279,0.0,Media alta
503,1028,0.0,Media alta
504,456,0.0,Media alta
505,444,0.0,Media alta
506,792,0.0,Media alta
507,814,0.0,Media alta
508,396,0.0,Media alta
509,943,1.0,Media alta
510,1020,0.0,Media alta
511,1554,0.0,Media alta
512,366,0.0,Media alta
513,555,0.0,Media alta
514,831,0.0,Media alta
515,1316,0.0,Media alta
516,1222,0.0,Media alta
517,1237,0.0,Media alta
518,129,0.0,Media alta
519,1336,0.0,Media alta
520,356,0.0,Media alta
521,1524,0.0,Media alta
522,504,0.0,Media alta
523,556,0.0,Media alta
524,1525,0.0,Media alta
525,722,0.0,Media alta
526,1170,1.0,Media alta
527,942,0.0,Media alta
528,637,0.0,Media alta
529,889,0.0,Media alta
530,1163,1.0,Media alta
531,1344,0.0,Media alta
532,106,0.0,Media alta
533,68,0.0,Media alta
534,450,0.0,Media alta
535,1094,1.0,Media alta
536,465,0.0,Media alta
537,559,0.0,Media alta
538,602,0.0,Media alta
539,388,0.0,Media alta
540,952,0.0,Media alta
541,438,0.0,Media alta
542,1528,0.0,Media alta
543,1162,1.0,Media alta
544,1208,0.0,Media alta
545,7,0.0,Media alta
546,789,0.0,Media alta
547,1066,0.0,Media alta
548,1405,0.0,Media alta
549,1306,0.0,Media alta
550,218,0.0,Media alta
551,1338,0.0,Media alta
552,434,0.0,Media alta
553,1145,0.0,Media alta
554,1010,0.0,Media alta
555,545,0.0,Media alta
556,420,0.0,Media alta
557,257,0.0,Media alta
558,790,1.0,Media alta
559,957,0.0,Media alta
560,1153,0.0,Media alta
561,522,0.0,Media alta
562,806,0.0,Media alta
563,541,0.0,Media alta
564,1296,0.0,Media alta
565,1032,0.0,Media alta
566,1298,0.0,Media alta
567,894,0.0,Media alta
568,960,0.0,Media alta
569,235,0.0,Media alta
570,1070,0.0,Media alta
571,903,1.0,Media alta
572,961,0.0,Media alta
573,1206,0.0,Media alta
574,1160,1.0,Media alta
575,1334,0.0,Media alta
576,861,0.0,Media alta
577,1339,0.0,Media alta
578,574,0.0,Media alta
579,973,1.0,Media alta
580,713,0.0,Media alta
581,669,0.0,Media alta
582,1006,0.0,Media alta
583,154,0.0,Media alta
584,424,0.0,Media alta
585,796,1.0,Media alta
586,1235,0.0,Media alta
587,1526,0.0,Media alta
588,1377,1.0,Media alta
589,496,0.0,Media alta
590,738,0.0,Media alta
591,233,0.0,Media alta
592,381,0.0,Media alta
593,503,0.0,Media alta
594,64,0.0,Media alta
595,1068,0.0,Media alta
596,1359,0.0,Media alta
597,70,0.0,Media alta
598,399,0.0,Media alta
599,1361,0.0,Media alta
600,875,0.0,Media alta
601,442,0.0,Media alta
602,1386,0.0,Media alta
603,531,0.0,Media alta
604,201,0.0,Media alta
605,419,0.0,Media alta
606,473,0.0,Media alta
607,890,0.0,Media alta
608,1003,1.0,Media alta
609,899,0.0,Media alta
610,1214,0.0,Media alta
611,1304,0.0,Media alta
612,326,0.0,Media alta
613,6,0.0,Media alta
614,562,0.0,Media alta
615,783,0.0,Media alta
616,249,0.0,Media alta
617,1051,0.0,Media alta
618,211,0.0,Media alta
619,1210,0.0,Media alta
620,149,0.0,Media alta
621,846,0.0,Media alta
622,484,0.0,Media alta
623,1249,0.0,Media alta
624,787,0.0,Media alta
625,1517,0.0,Media alta
626,1548,0.0,Media alta
627,513,0.0,Media alta
628,727,0.0,Media alta
629,372,0.0,Media alta
630,1255,0.0,Media alta
631,1295,0.0,Media alta
632,925,1.0,Media alta
633,1378,0.0,Media alta
634,322,1.0,Media alta
635,348,0.0,Media alta
636,856,0.0,Media alta
637,1282,0.0,Media alta
638,1340,0.0,Media alta
639,871,1.0,Media alta
640,1158,0.0,Media alta
641,1509,0.0,Media alta
642,1021,0.0,Media alta
643,1539,0.0,Media alta
644,1185,0.0,Media alta
645,1219,0.0,Media alta
646,677,0.0,Media alta
647,867,1.0,Media alta
648,525,0.0,Media alta
649,421,0.0,Media alta
650,364,0.0,Media alta
651,992,1.0,Media alta
652,929,0.0,Media alta
653,454,0.0,Media alta
654,931,0.0,Media alta
655,954,1.0,Media alta
656,811,0.0,Media alta
657,963,0.0,Media alta
658,959,0.0,Media alta
659,1355,0.0,Media alta
660,408,0.0,Media alta
661,714,0.0,Media alta
662,354,0.0,Media alta
663,668,0.0,Media alta
664,303,0.0,Media alta
665,34,0.0,Media alta
666,66,0.0,Media alta
667,576,0.0,Media alta
668,913,1.0,Media alta
669,54,0.0,Media alta
670,897,0.0,Media alta
671,1178,0.0,Media alta
672,178,0.0,Media alta
673,3,0.0,Media alta
674,472,0.0,Media alta
675,633,0.0,Media alta
676,460,0.0,Media alta
677,1100,1.0,Media alta
678,785,1.0,Media alta
679,1146,1.0,Media alta
680,1510,0.0,Media alta
681,1071,0.0,Media alta
682,204,0.0,Media alta
683,1360,0.0,Media alta
684,1352,0.0,Media alta
685,1283,0.0,Media alta
686,112,0.0,Media alta
687,1537,0.0,Media alta
688,266,0.0,Media alta
689,128,0.0,Media alta
690,1553,0.0,Media alta
691,139,0.0,Media alta
692,1092,1.0,Media alta
693,487,0.0,Media alta
694,1406,0.0,Media alta
695,969,1.0,Media alta
696,1356,0.0,Media alta
697,932,0.0,Media alta
698,1294,0.0,Media alta
699,1513,0.0,Media alta
700,1314,0.0,Media alta
701,779,1.0,Media alta
702,1549,0.0,Media alta
703,1342,0.0,Media alta
704,1072,0.0,Media alta
705,833,0.0,Media alta
706,948,0.0,Media alta
707,667,0.0,Media alta
708,967,1.0,Media alta
709,78,0.0,Media alta
710,1099,0.0,Media alta
711,1384,1.0,Media alta
712,1191,0.0,Media alta
713,125,0.0,Media alta
714,865,0.0,Media alta
715,855,0.0,Media alta
716,12,0.0,Media alta
717,1341,0.0,Media alta
718,939,0.0,Media alta
719,1062,0.0,Media alta
720,1536,0.0,Media alta
721,416,0.0,Media alta
722,1056,1.0,Media alta
723,1167,1.0,Media alta
724,1224,0.0,Media alta
725,1231,0.0,Media alta
726,188,0.0,Media alta
727,1353,1.0,Media alta
728,278,0.0,Media alta
729,1096,1.0,Media alta
730,534,0.0,Media alta
731,1064,0.0,Media alta
732,464,0.0,Media alta
733,443,0.0,Media alta
734,432,0.0,Media alta
735,1124,0.0,Media alta
736,1078,0.0,Media alta
737,923,0.0,Media alta
738,863,0.0,Media alta
739,1067,0.0,Media alta
740,1111,0.0,Media alta
741,1081,0.0,Media alta
742,1245,0.0,Media alta
743,1238,0.0,Media alta
744,1024,0.0,Media alta
745,810,0.0,Media alta
746,1040,0.0,Media alta
747,1009,1.0,Media alta
748,864,0.0,Media alta
749,685,0.0,Media alta
750,640,0.0,Media alta
751,1271,0.0,Media alta
752,1176,0.0,Media alta
753,1354,0.0,Media baja
754,635,0.0,Media baja
755,407,0.0,Media baja
756,116,0.0,Media baja
757,926,1.0,Media baja
758,1543,1.0,Media baja
759,578,0.0,Media baja
760,324,1.0,Media baja
761,709,0.0,Media baja
762,179,0.0,Media baja
763,412,0.0,Media baja
764,1103,1.0,Media baja
765,299,1.0,Media baja
766,528,0.0,Media baja
767,302,0.0,Media baja
768,872,0.0,Media baja
769,853,0.0,Media baja
770,93,0.0,Media baja
771,885,0.0,Media baja
772,353,0.0,Media baja
773,1194,0.0,Media baja
774,1444,1.0,Media baja
775,477,0.0,Media baja
776,543,0.0,Media baja
777,552,0.0,Media baja
778,208,0.0,Media baja
779,200,0.0,Media baja
780,678,0.0,Media baja
781,707,0.0,Media baja
782,1039,0.0,Media baja
783,361,0.0,Media baja
784,968,0.0,Media baja
785,219,0.0,Media baja
786,983,0.0,Media baja
787,914,1.0,Media baja
788,778,0.0,Media baja
789,42,0.0,Media baja
790,202,0.0,Media baja
791,52,0.0,Media baja
792,1104,0.0,Media baja
793,229,0.0,Media baja
794,1367,0.0,Media baja
795,1532,1.0,Media baja
796,1029,0.0,Media baja
797,639,0.0,Media baja
798,725,0.0,Media baja
799,1008,0.0,Media baja
800,423,0.0,Media baja
801,11,0.0,Media baja
802,254,0.0,Media baja
803,1329,0.0,Media baja
804,1530,0.0,Media baja
805,823,0.0,Media baja
806,702,0.0,Media baja
807,346,0.0,Media baja
808,1534,1.0,Media baja
809,1193,0.0,Media baja
810,96,0.0,Media baja
811,950,0.0,Media baja
812,1060,0.0,Media baja
813,986,1.0,Media baja
814,880,0.0,Media baja
815,1205,0.0,Media baja
816,461,0.0,Media baja
817,256,0.0,Media baja
818,1345,0.0,Media baja
819,1036,0.0,Media baja
820,561,0.0,Media baja
821,1046,0.0,Media baja
822,1376,1.0,Media baja
823,715,0.0,Media baja
824,1350,0.0,Media baja
825,641,0.0,Media baja
826,500,0.0,Media baja
827,845,0.0,Media baja
828,76,0.0,Media baja
829,586,0.0,Media baja
830,1397,0.0,Media baja
831,67,0.0,Media baja
832,371,0.0,Media baja
833,476,0.0,Media baja
834,13,0.0,Media baja
835,459,0.0,Media baja
836,152,0.0,Media baja
837,1207,0.0,Media baja
838,1514,0.0,Media baja
839,898,1.0,Media baja
840,1351,0.0,Media baja
841,395,0.0,Media baja
842,182,0.0,Media baja
843,79,0.0,Media baja
844,962,0.0,Media baja
845,587,0.0,Media baja
846,527,0.0,Media baja
847,1516,0.0,Media baja
848,1250,0.0,Media baja
849,115,0.0,Media baja
850,798,1.0,Media baja
851,1084,0.0,Media baja
852,110,0.0,Media baja
853,520,0.0,Media baja
854,902,1.0,Media baja
855,917,1.0,Media baja
856,495,0.0,Media baja
857,1328,0.0,Media baja
858,475,0.0,Media baja
859,405,0.0,Media baja
860,1538,0.0,Media baja
861,502,0.0,Media baja
862,965,0.0,Media baja
863,849,0.0,Media baja
864,191,0.0,Media baja
865,726,0.0,Media baja
866,873,0.0,Media baja
867,793,0.0,Media baja
868,212,0.0,Media baja
869,1357,0.0,Media baja
870,440,0.0,Media baja
871,1002,1.0,Media baja
872,1541,0.0,Media baja
873,153,0.0,Media baja
874,1112,0.0,Media baja
875,46,0.0,Media baja
876,764,0.0,Media baja
877,1276,0.0,Media baja
878,979,1.0,Media baja
879,1054,0.0,Media baja
880,69,0.0,Media baja
881,441,0.0,Media baja
882,101,0.0,Media baja
883,1373,1.0,Media baja
884,1387,0.0,Media baja
885,980,1.0,Media baja
886,1366,0.0,Media baja
887,213,0.0,Media baja
888,309,0.0,Media baja
889,1027,0.0,Media baja
890,1358,0.0,Media baja
891,184,0.0,Media baja
892,987,1.0,Media baja
893,150,0.0,Media baja
894,301,0.0,Media baja
895,679,0.0,Media baja
896,870,0.0,Media baja
897,332,0.0,Media baja
898,772,0.0,Media baja
899,418,0.0,Media baja
900,1285,0.0,Media baja
901,803,0.0,Media baja
902,163,0.0,Media baja
903,1504,0.0,Media baja
904,848,0.0,Media baja
905,447,0.0,Media baja
906,770,0.0,Media baja
907,859,0.0,Media baja
908,264,0.0,Media baja
909,550,0.0,Media baja
910,1389,0.0,Media baja
911,572,0.0,Media baja
912,551,0.0,Media baja
913,886,1.0,Media baja
914,1542,0.0,Media baja
915,529,0.0,Media baja
916,1522,0.0,Media baja
917,694,0.0,Media baja
918,77,0.0,Media baja
919,1391,0.0,Media baja
920,165,0.0,Media baja
921,1012,0.0,Media baja
922,368,0.0,Media baja
923,970,1.0,Media baja
924,1080,0.0,Media baja
925,852,0.0,Media baja
926,697,0.0,Media baja
927,854,0.0,Media baja
928,1492,0.0,Media baja
929,1349,0.0,Media baja
930,905,0.0,Media baja
931,323,1.0,Media baja
932,488,0.0,Media baja
933,995,0.0,Media baja
934,1441,1.0,Media baja
935,80,0.0,Media baja
936,660,0.0,Media baja
937,560,0.0,Media baja
938,548,0.0,Media baja
939,927,1.0,Media baja
940,1402,0.0,Media baja
941,895,0.0,Media baja
942,547,0.0,Media baja
943,435,0.0,Media baja
944,877,0.0,Media baja
945,363,0.0,Media baja
946,1527,0.0,Media baja
947,972,0.0,Media baja
948,491,0.0,Media baja
949,248,0.0,Media baja
950,804,0.0,Media baja
951,1533,1.0,Media baja
952,1035,1.0,Media baja
953,1337,0.0,Media baja
954,946,0.0,Media baja
955,1037,1.0,Media baja
956,1007,0.0,Media baja
957,1348,0.0,Media baja
958,519,0.0,Media baja
959,48,0.0,Media baja
960,144,0.0,Media baja
961,462,0.0,Media baja
962,315,0.0,Media baja
963,521,0.0,Media baja
964,1540,0.0,Media baja
965,698,0.0,Media baja
966,349,0.0,Media baja
967,900,0.0,Media baja
968,809,0.0,Media baja
969,944,1.0,Media baja
970,1478,0.0,Media baja
971,1305,0.0,Media baja
972,458,0.0,Media baja
973,517,0.0,Media baja
974,15,0.0,Media baja
975,1470,0.0,Media baja
976,1204,0.0,Media baja
977,557,0.0,Media baja
978,695,0.0,Media baja
979,717,0.0,Media baja
980,1331,0.0,Media baja
981,797,0.0,Media baja
982,1347,0.0,Media baja
983,879,0.0,Media baja
984,847,0.0,Media baja
985,593,0.0,Media baja
986,892,0.0,Media baja
987,1545,0.0,Media baja
988,781,0.0,Media baja
989,716,0.0,Media baja
990,782,1.0,Media baja
991,1233,0.0,Media baja
992,198,0.0,Media baja
993,838,1.0,Media baja
994,195,0.0,Media baja
995,58,0.0,Media baja
996,286,0.0,Media baja
997,383,0.0,Media baja
998,553,0.0,Media baja
999,1531,0.0,Media baja
1000,285,0.0,Media baja
1001,566,0.0,Media baja
1002,482,0.0,Media baja
1003,851,0.0,Media baja
1004,1049,0.0,Media baja
1005,573,0.0,Media baja
1006,437,0.0,Media baja
1007,1416,1.0,Media baja
1008,331,0.0,Media baja
1009,649,0.0,Media baja
1010,784,0.0,Media baja
1011,467,0.0,Media baja
1012,511,0.0,Media baja
1013,800,0.0,Media baja
1014,815,0.0,Media baja
1015,1408,0.0,Media baja
1016,774,0.0,Media baja
1017,159,0.0,Media baja
1018,1026,0.0,Media baja
1019,700,0.0,Media baja
1020,1535,0.0,Media baja
1021,1546,0.0,Media baja
1022,1130,0.0,Media baja
1023,453,0.0,Media baja
1024,38,0.0,Media baja
1025,683,0.0,Media baja
1026,688,0.0,Media baja
1027,196,0.0,Media baja
1028,1275,0.0,Media baja
1029,172,0.0,Media baja
1030,820,1.0,Media baja
1031,563,0.0,Media baja
1032,436,0.0,Media baja
1033,492,0.0,Media baja
1034,535,0.0,Media baja
1035,874,0.0,Media baja
1036,542,0.0,Media baja
1037,832,0.0,Media baja
1038,1309,0.0,Media baja
1039,708,0.0,Media baja
1040,65,0.0,Media baja
1041,1327,0.0,Media baja
1042,1280,0.0,Media baja
1043,938,0.0,Media baja
1044,921,0.0,Media baja
1045,878,0.0,Media baja
1046,174,0.0,Media baja
1047,1363,0.0,Media baja
1048,506,0.0,Media baja
1049,2,0.0,Media baja
1050,59,0.0,Media baja
1051,549,0.0,Media baja
1052,1479,0.0,Media baja
1053,1370,0.0,Media baja
1054,981,0.0,Media baja
1055,816,0.0,Media baja
1056,445,0.0,Media baja
1057,493,0.0,Media baja
1058,868,0.0,Media baja
1059,1432,0.0,Media baja
1060,1544,1.0,Media baja
1061,982,1.0,Media baja
1062,1529,1.0,Media baja
1063,876,1.0,Media baja
1064,993,0.0,Media baja
1065,918,1.0,Media baja
1066,85,0.0,Media baja
1067,802,0.0,Media baja
1068,267,0.0,Media baja
1069,1164,1.0,Media baja
1070,1547,0.0,Media baja
1071,984,0.0,Media baja
1072,526,0.0,Media baja
1073,155,0.0,Media baja
1074,183,0.0,Media baja
1075,263,0.0,Media baja
1076,1302,1.0,Media baja
1077,692,0.0,Media baja
1078,860,0.0,Media baja
1079,270,0.0,Media baja
1080,658,0.0,Media baja
1081,1520,0.0,Media baja
1082,826,0.0,Media baja
1083,1025,0.0,Media baja
1084,1050,0.0,Media baja
1085,799,1.0,Media baja
1086,776,0.0,Media baja
1087,546,0.0,Media baja
1088,189,0.0,Media baja
1089,720,0.0,Media baja
1090,935,0.0,Media baja
1091,170,0.0,Media baja
1092,446,0.0,Media baja
1093,56,0.0,Media baja
1094,955,0.0,Media baja
1095,262,0.0,Media baja
1096,422,0.0,Media baja
1097,791,1.0,Media baja
1098,775,0.0,Media baja
1099,837,0.0,Media baja
1100,300,0.0,Media baja
1101,891,1.0,Media baja
1102,478,0.0,Media baja
1103,1396,0.0,Media baja
1104,756,0.0,Media baja
1105,1382,1.0,Media baja
1106,676,0.0,Media baja
1107,893,0.0,Media baja
1108,1379,0.0,Media baja
1109,1179,0.0,Media baja
1110,813,1.0,Media baja
1111,1474,0.0,Media baja
1112,481,0.0,Media baja
1113,687,0.0,Media baja
1114,89,0.0,Media baja
1115,805,0.0,Media baja
1116,754,0.0,Media baja
1117,483,0.0,Media baja
1118,850,0.0,Media baja
1119,1399,0.0,Media baja
1120,1061,0.0,Media baja
1121,693,0.0,Media baja
1122,626,0.0,Media baja
1123,466,0.0,Media baja
1124,1001,1.0,Media baja
1125,1498,1.0,Media baja
1126,657,0.0,Media baja
1127,186,0.0,Media baja
1128,1016,0.0,Media baja
1129,1507,0.0,Media baja
1130,1368,0.0,Media baja
1131,1196,0.0,Media baja
1132,827,0.0,Media baja
1133,494,0.0,Media baja
1134,1175,0.0,Media baja
1135,1053,0.0,Media baja
1136,733,0.0,Media baja
1137,518,0.0,Media baja
1138,457,0.0,Media baja
1139,1242,0.0,Media baja
1140,272,0.0,Media baja
1141,788,0.0,Media baja
1142,166,0.0,Media baja
1143,1063,0.0,Media baja
1144,290,0.0,Media baja
1145,334,0.0,Media baja
1146,1055,0.0,Media baja
1147,1388,0.0,Media baja
1148,839,0.0,Media baja
1149,699,0.0,Media baja
1150,1038,0.0,Media baja
1151,124,0.0,Media baja
1152,1319,0.0,Media baja
1153,1469,0.0,Media baja
1154,1440,0.0,Media baja
1155,673,0.0,Media baja
1156,1457,0.0,Media baja
1157,841,0.0,Media baja
1158,1468,0.0,Media baja
1159,81,0.0,Media baja
1160,41,0.0,Media baja
1161,1074,0.0,Media baja
1162,689,0.0,Media baja
1163,330,0.0,Media baja
1164,684,0.0,Media baja
1165,530,0.0,Media baja
1166,1372,1.0,Media baja
1167,1065,0.0,Media baja
1168,321,1.0,Media baja
1169,1414,0.0,Media baja
1170,1501,0.0,Media baja
1171,1172,1.0,Media baja
1172,664,0.0,Media baja
1173,234,0.0,Media baja
1174,470,0.0,Media baja
1175,1115,0.0,Media baja
1176,540,0.0,Media baja
1177,485,0.0,Media baja
1178,665,0.0,Media baja
1179,817,0.0,Media baja
1180,489,0.0,Media baja
1181,1500,0.0,Media baja
1182,417,0.0,Media baja
1183,1401,0.0,Media baja
1184,1223,0.0,Media baja
1185,621,0.0,Media baja
1186,1330,0.0,Media baja
1187,1200,0.0,Media baja
1188,1281,0.0,Media baja
1189,1031,1.0,Media baja
1190,480,0.0,Media baja
1191,1481,1.0,Media baja
1192,666,0.0,Media baja
1193,656,0.0,Media baja
1194,107,0.0,Media baja
1195,1484,1.0,Media baja
1196,1418,0.0,Media baja
1197,1057,0.0,Media baja
1198,1436,0.0,Media baja
1199,1137,0.0,Media baja
1200,1461,0.0,Media baja
1201,176,0.0,Media baja
1202,252,0.0,Media baja
1203,1381,0.0,Media baja
1204,712,0.0,Media baja
1205,1033,0.0,Media baja
1206,253,0.0,Media baja
1207,167,0.0,Media baja
1208,1430,0.0,Media baja
1209,1429,1.0,Media baja
1210,232,0.0,Media baja
1211,92,0.0,Media baja
1212,327,1.0,Media baja
1213,1135,0.0,Media baja
1214,88,0.0,Media baja
1215,63,0.0,Media baja
1216,228,0.0,Media baja
1217,1169,0.0,Media baja
1218,114,0.0,Media baja
1219,1365,0.0,Media baja
1220,1005,1.0,Media baja
1221,173,0.0,Media baja
1222,261,0.0,Media baja
1223,985,0.0,Media baja
1224,523,0.0,Media baja
1225,260,0.0,Media baja
1226,1437,1.0,Media baja
1227,1415,0.0,Media baja
1228,1371,0.0,Media baja
1229,1123,0.0,Media baja
1230,1101,0.0,Media baja
1231,1434,0.0,Media baja
1232,1299,0.0,Media baja
1233,997,1.0,Media baja
1234,1392,0.0,Media baja
1235,934,0.0,Media baja
1236,1480,0.0,Media baja
1237,1108,1.0,Media baja
1238,1497,0.0,Media baja
1239,142,0.0,Media baja
1240,824,0.0,Media baja
1241,269,1.0,Media baja
1242,161,0.0,Media baja
1243,1131,0.0,Media baja
1244,1511,0.0,Media baja
1245,1380,0.0,Media baja
1246,835,1.0,Media baja
1247,1088,1.0,Media baja
1248,691,0.0,Media baja
1249,1471,1.0,Media baja
1250,291,0.0,Media baja
1251,97,0.0,Media baja
1252,1383,0.0,Media baja
1253,1272,0.0,Media baja
1254,1394,0.0,Media baja
1255,181,0.0,Media baja
1256,1452,1.0,Media baja
1257,5,0.0,Media baja
1258,1495,0.0,Media baja
1259,1483,0.0,Media baja
1260,1085,0.0,Media baja
1261,1364,1.0,Media baja
1262,190,0.0,Media baja
1263,268,0.0,Media baja
1264,1273,0.0,Media baja
1265,652,0.0,Media baja
1266,143,0.0,Media baja
1267,1467,0.0,Media baja
1268,507,0.0,Media baja
1269,1369,0.0,Media baja
1270,743,0.0,Media baja
1271,44,0.0,Media baja
1272,1315,0.0,Media baja
1273,953,0.0,Media baja
1274,479,0.0,Media baja
1275,1482,0.0,Media baja
1276,606,0.0,Media baja
1277,203,0.0,Media baja
1278,1157,0.0,Media baja
1279,1320,0.0,Media baja
1280,1487,1.0,Media baja
1281,1489,0.0,Media baja
1282,127,0.0,Media baja
1283,1420,1.0,Media baja
1284,1412,0.0,Media baja
1285,686,0.0,Media baja
1286,275,0.0,Media baja
1287,1417,1.0,Media baja
1288,672,0.0,Media baja
1289,618,1.0,Media baja
1290,1462,1.0,Media baja
1291,755,0.0,Media baja
1292,1018,0.0,Media baja
1293,1427,0.0,Media baja
1294,690,0.0,Media baja
1295,1425,0.0,Media baja
1296,1375,1.0,Media baja
1297,99,0.0,Media baja
1298,169,0.0,Media baja
1299,1134,0.0,Media baja
1300,1458,1.0,Media baja
1301,168,0.0,Media baja
1302,1301,0.0,Media baja
1303,98,0.0,Media baja
1304,840,0.0,Media baja
1305,147,0.0,Media baja
1306,247,0.0,Media baja
1307,1477,0.0,Media baja
1308,818,0.0,Media baja
1309,1390,0.0,Media baja
1310,1413,1.0,Media baja
1311,828,0.0,Media baja
1312,1362,0.0,Media baja
1313,516,0.0,Media baja
1314,763,0.0,Media baja
1315,469,0.0,Media baja
1316,134,0.0,Media baja
1317,615,0.0,Media baja
1318,655,0.0,Media baja
1319,662,0.0,Media baja
1320,1227,1.0,Media baja
1321,16,0.0,Media baja
1322,43,0.0,Media baja
1323,1393,0.0,Media baja
1324,675,0.0,Media baja
1325,616,0.0,Media baja
1326,1431,0.0,Media baja
1327,801,0.0,Media baja
1328,1052,0.0,Media baja
1329,1241,0.0,Media baja
1330,836,0.0,Media baja
1331,57,0.0,Media baja
1332,600,0.0,Media baja
1333,1019,0.0,Media baja
1334,1496,0.0,Media baja
1335,630,0.0,Media baja
1336,1125,0.0,Media baja
1337,274,0.0,Media baja
1338,1133,0.0,Media baja
1339,1421,0.0,Media baja
1340,1503,0.0,Media baja
1341,1463,0.0,Media baja
1342,1173,0.0,Media baja
1343,157,0.0,Media baja
1344,1374,0.0,Media baja
1345,1240,0.0,Media baja
1346,1473,1.0,Media baja
1347,941,0.0,Media baja
1348,1318,0.0,Media baja
1349,1466,0.0,Media baja
1350,1424,1.0,Media baja
1351,1274,0.0,Media baja
1352,825,0.0,Media baja
1353,111,0.0,Media baja
1354,1454,0.0,Media baja
1355,1419,0.0,Media baja
1356,734,0.0,Baja
1357,1494,0.0,Baja
1358,86,0.0,Baja
1359,1502,0.0,Baja
1360,328,0.0,Baja
1361,259,0.0,Baja
1362,614,0.0,Baja
1363,1428,0.0,Baja
1364,497,0.0,Baja
1365,1455,1.0,Baja
1366,1485,0.0,Baja
1367,1087,0.0,Baja
1368,1411,1.0,Baja
1369,1433,0.0,Baja
1370,682,0.0,Baja
1371,1435,0.0,Baja
1372,1459,0.0,Baja
1373,1321,0.0,Baja
1374,1488,1.0,Baja
1375,1423,1.0,Baja
1376,752,0.0,Baja
1377,674,0.0,Baja
1378,177,0.0,Baja
1379,671,0.0,Baja
1380,1464,0.0,Baja
1381,990,0.0,Baja
1382,1445,0.0,Baja
1383,1143,1.0,Baja
1384,1132,0.0,Baja
1385,1451,0.0,Baja
1386,288,0.0,Baja
1387,620,0.0,Baja
1388,1493,0.0,Baja
1389,1448,0.0,Baja
1390,32,0.0,Baja
1391,1476,0.0,Baja
1392,4,0.0,Baja
1393,1508,0.0,Baja
1394,588,1.0,Baja
1395,333,0.0,Baja
1396,609,0.0,Baja
1397,279,0.0,Baja
1398,1505,0.0,Baja
1399,1472,0.0,Baja
1400,1030,0.0,Baja
1401,1449,0.0,Baja
1402,1446,0.0,Baja
1403,745,0.0,Baja
1404,1460,0.0,Baja
1405,515,0.0,Baja
1406,281,0.0,Baja
1407,1465,1.0,Baja
1408,325,1.0,Baja
1409,1491,0.0,Baja
1410,1422,0.0,Baja
1411,1395,0.0,Baja
1412,391,0.0,Baja
1413,122,0.0,Baja
1414,989,0.0,Baja
1415,1313,0.0,Baja
1416,1122,0.0,Baja
1417,599,0.0,Baja
1418,739,0.0,Baja
1419,55,0.0,Baja
1420,1453,0.0,Baja
1421,819,0.0,Baja
1422,135,0.0,Baja
1423,647,0.0,Baja
1424,1426,0.0,Baja
1425,1475,0.0,Baja
1426,988,0.0,Baja
1427,933,0.0,Baja
1428,160,0.0,Baja
1429,1154,0.0,Baja
1430,1113,0.0,Baja
1431,654,0.0,Baja
1432,240,0.0,Baja
1433,1486,0.0,Baja
1434,751,0.0,Baja
1435,37,0.0,Baja
1436,197,0.0,Baja
1437,736,0.0,Baja
1438,258,0.0,Baja
1439,1144,1.0,Baja
1440,60,0.0,Baja
1441,1117,0.0,Baja
1442,121,0.0,Baja
1443,821,1.0,Baja
1444,1512,0.0,Baja
1445,757,0.0,Baja
1446,1121,0.0,Baja
1447,45,0.0,Baja
1448,251,0.0,Baja
1449,1447,0.0,Baja
1450,1407,0.0,Baja
1451,158,0.0,Baja
1452,1490,0.0,Baja
1453,236,0.0,Baja
1454,622,0.0,Baja
1455,1129,0.0,Baja
1456,1128,0.0,Baja
1457,335,0.0,Baja
1458,735,0.0,Baja
1459,39,0.0,Baja
1460,1450,0.0,Baja
1461,87,0.0,Baja
1462,624,0.0,Baja
1463,137,0.0,Baja
1464,1499,0.0,Baja
1465,1506,0.0,Baja
1466,102,0.0,Baja
1467,27,0.0,Baja
1468,238,0.0,Baja
1469,744,0.0,Baja
1470,597,0.0,Baja
1471,246,0.0,Baja
1472,61,0.0,Baja
1473,653,0.0,Baja
1474,243,0.0,Baja
1475,30,0.0,Baja
1476,1120,0.0,Baja
1477,1118,0.0,Baja
1478,28,1.0,Baja
1479,141,0.0,Baja
1480,51,0.0,Baja
1481,283,0.0,Baja
1482,759,0.0,Baja
1483,1322,0.0,Baja
1484,62,0.0,Baja
1485,284,0.0,Baja
1486,1136,0.0,Baja
1487,49,0.0,Baja
1488,40,0.0,Baja
1489,95,0.0,Baja
1490,1127,0.0,Baja
1491,108,0.0,Baja
1492,591,0.0,Baja
1493,239,0.0,Baja
1494,117,0.0,Baja
1495,1126,0.0,Baja
1496,611,0.0,Baja
1497,1114,0.0,Baja
1498,610,0.0,Baja
1499,623,0.0,Baja
1500,1116,0.0,Baja
1501,245,0.0,Baja
1502,758,0.0,Baja
1503,490,0.0,Baja
1504,612,0.0,Baja
1505,1011,0.0,Baja
1506,834,0.0,Baja
1507,998,0.0,Baja
